Player_Name|position|nationality
ABALDE, ALBERTO|Forward|Spain
ABASS, AWUDU|Guard|Italy
ADAMS, JOSH|Guard|United States of America
AGRAVANIS, DIMITRIS|Forward|Greece
ANDERSON, JAMES|Guard|United States of America
ANTETOKOUNMPO, THANASIS|Forward|Greece
ANTIC, PERO|Center|Serbia
ANTONOV, SEMEN|Forward|Russian Federation
APIC, DRAGAN|Forward|Serbia
ARLAUSKAS, MARTYNAS|Guard|Lithuania
ARNA, EGEHAN|Forward|Turkey
ARSENOPOULOS, NIKOLAOS|Guard|Greece
ASTAPKOVICH, ANTON|Forward|Russian Federation
AUGUSTE, ZACH|Center|Greece
AUGUSTINE, JAMES|Center|United States of America
AYON, GUSTAVO|Center|Mexico
BALBAY, DOGUS|Guard|Turkey
BATUK, BIRKAN|Forward|Turkey
BEAUBOIS, RODRIGUE|Forward|France
BERTANS, DAIRIS|Guard|Latvia
BITIM, ONURALP|Guard|Turkey
BJELICA, MILKO|Center|Serbia
BOGRIS, GEORGIOS|Center|Greece
BOLDEN, JONAH|Forward|United States of America
BOST, DEE|Guard|United States of America
BROOKS, JEFF|Forward|United States of America
BROWN, BOBBY|Guard|United States of America
BROWN, DERRICK|Forward|United States of America
CALATHES, NICK|Guard|Greece
CAMPAZZO, FACUNDO|Guard|Argentina
CARROLL, JAYCEE|Guard|United States of America
CAUSEUR, FABIEN|Forward|France
CINCIARINI, ANDREA|Guard|Italy
CLAVER, VICTOR|Forward|Spain
CLYBURN, WILL|Forward|United States of America
COHEN, JAKE|Center|Israel
COLE, NORRIS|Guard|United States of America
CUSIN, MARCO|Center|Italy
DANGUBIC, NEMANJA|Forward|Serbia
DATOME, LUIGI|Forward|Italy
DAVIDOVAC, DEJAN|Forward|Serbia
DAVIES, BRANDON|Center|United States of America
DE COLO, NANDO|Guard|France
DELFINO, CARLOS|Forward|Italy
DEMIR, BERK|Forward|Turkey
DENMON, MARCUS|Guard|United States of America
DIAGNE, ATOUMANE|Center|Senegal
DIAZ, ALBERTO|Guard|Spain
DIBARTOLOMEO, JOHN|Guard|Israel
DIEZ, DANIEL|Forward|Spain
DIOP, ILIMANE|Center|Spain
DOBRIC, OGNJEN|Guard|Serbia
DOELLMAN, JUSTIN|Forward|United States of America
DONCIC, LUKA|Guard|Slovenia
DOORNEKAMP, AARON|Forward|Netherlands
DOUGLAS, TONEY|Guard|United States of America
DRAGIC, ZORAN|Forward|Slovenia
DUBLJEVIC, BOJAN|Center|Montenegro
DUNSTON, BRYANT|Center|United States of America
DUVERIOGLU, AHMET|Center|Turkey
EDIGIN, EDDY|Center|Germany
ENNIS, DYLAN|Guard|Canada
FELDEINE, JAMES|Guard|United States of America
FERNANDEZ, RUDY|Forward|Spain
FERRANDO, LUIS|Guard|Spain
FONT, ALEIX|Forward|Spain
FONTECCHIO, SIMONE|Guard|Italy
FRIDZON, VITALY|Guard|Russian Federation
GABRIEL, KENNY|Forward|United States of America
GANKEVICH, ALEXANDER|Forward|Russian Federation
GARCIA, MARC|Guard|Spain
GARCIA, SERGI|Guard|Spain
GARINO, PATRICIO|Forward|Italy
GAVRILOV, ALEXANDER|Guard|Russian Federation
GILL, ANTHONY|Forward|United States of America
GIST, JAMES|Forward|United States of America
GONZALEZ, MIGUEL|Forward|Spain
GOUDELOCK, ANDREW|Guard|United States of America
GRANGER, JAYSON|Guard|Italy
GREEN, ERICK|Guard|United States of America
GUDAITIS, ARTURAS|Center|Lithuania
GUDURIC, MARKO|Guard|Serbia
GULER, SINAN|Guard|Turkey
HACKETT, DANIEL|Guard|Italy
HANGA, ADAM|Forward|Hungary
HECKMANN, PATRICK|Forward|Germany
HERSEK, BARIS|Forward|Turkey
HERUN, VOLODYMYR|Center|Ukraine
HEURTEL, THOMAS|Guard|France
HICKMAN, RICKY|Guard|United States of America
HIGGINS, CORY|Guard|United States of America
HINES, KYLE|Center|United States of America
HLINASON, TRYGGVI|Center|Iceland
HONEYCUTT, TYLER|Forward|United States of America
HUERTAS, MARCELINHO|Guard|Italy
HUNTER, OTHELLO|Center|United States of America
JACKSON, EDWIN|Guard|France
JACKSON, PIERRE|Guard|United States of America
JAMES, MIKE|Guard|United States of America
JANKOVIC, STEFAN|Center|Serbia
JANKUNAS, PAULIUS|Forward|Lithuania
JANNING, MATT|Guard|United States of America
JEFFERSON, CORY|Center|United States of America
JENKINS, CHARLES|Guard|United States of America
JERRELLS, CURTIS|Guard|United States of America
JONES, KEVIN|Center|United States of America
JOVANOVIC, NIKOLA|Forward|Serbia
KALAITZAKIS, GEORGIOS|Guard|Greece
KALINIC, NIKOLA|Forward|Serbia
KALNIETIS, MANTAS|Guard|Lithuania
KANE, DEANDRE|Guard|United States of America
KAVALIAUSKAS, ANTANAS|Center|Lithuania
KESELJ, MARKO|Forward|Serbia
KHRYAPA, VICTOR|Forward|Russian Federation
KOPONEN, PETTERI|Guard|Finland
KOROBKOV, PAVEL|Forward|Russian Federation
KULAGIN, MIKHAIL|Guard|Russian Federation
KURBANOV, NIKITA|Forward|Russian Federation
KURUCS, RODIONS|Forward|Latvia
KUZMIC, OGNJEN|Center|Serbia
KUZMINSKAS, MINDAUGAS|Forward|Lithuania
LAZAREVIC, STEFAN|Guard|Serbia
LAZIC, BRANKO|Guard|Serbia
LEDO, RICKY|Guard|United States of America
LEKAVICIUS, LUKAS|Guard|Lithuania
LESSORT, MATHIAS|Center|France
LO, MAODO|Guard|Germany
LOJESKI, MATT|Guard|Belgium
M'BAYE, AMATH|Forward|France
MACIULIS, JONAS|Forward|Lithuania
MAHMUTOGLU, MELIH|Guard|Turkey
MAKIEV, ALAN|Center|Russian Federation
MALMANIS, RINALDS|Center|Latvia
MANTZARIS, VANGELIS|Guard|Greece
MARKOVIC, STEFAN|Guard|Serbia
MARTINEZ, IVAN|Forward|Spain
MARTINEZ, RAFA|Guard|Spain
MASHOUR, KARAM|Forward|Israel
MASIULIS, GYTIS|Forward|Lithuania
MCCALLUM, RAY|Guard|United States of America
MCCOLLUM, ERRICK|Guard|United States of America
MCDOWELL-WHITE, WILLIAM|Guard|Australia
MCLEAN, JAMEL|Center|United States of America
MCRAE, JORDAN|Forward|United States of America
MELLI, NICOLO|Forward|Italy
MICIC, VASILIJE|Guard|Serbia
MICOV, VLADIMIR|Forward|Serbia
MILAKNIS, ARTURAS|Guard|Lithuania
MILOSAVLJEVIC, DRAGAN|Guard|Serbia
MILUTINOV, NIKOLA|Center|Serbia
MITOGLOU, KONSTANTINOS|Forward|Greece
MITROVIC, LUKA|Forward|Serbia
MOERMAN, ADRIEN|Forward|France
MONIA, SERGEY|Forward|Russian Federation
MOTUM, BROCK|Forward|Australia
MUHAMMED, ALI|Guard|United States of America
MURIC, EDO|Forward|Slovenia
MUSLI, DEJAN|Center|Serbia
MUSTAFA, MUHAYMIN|Guard|Turkey
NAVARRO, JUAN CARLOS|Guard|Spain
NEDOVIC, NEMANJA|Guard|Serbia
NIKOLIC, ALEKSEJ|Guard|Slovenia
NUNNALLY, JAMES|Forward|United States of America
OKOUO, VINY|Center|Congo
OLINDE, LOUIS|Forward|Germany
OMIC, ALEN|Center|Slovenia
ORIOLA, PIERRE|Center|Spain
PANGOS, KEVIN|Guard|Slovenia
PAPANIKOLAOU, KOSTAS|Forward|Greece
PAPAPETROU, IOANNIS|Forward|Greece
PAPPAS, NIKOS|Guard|Greece
PARAKHOUSKI, ARTSIOM|Center|Belarus
PASCOLO, DAVIDE|Forward|Italy
PATEEV, RUSLAN|Center|Russian Federation
PAYNE, ADREIAN|Center|United States of America
PLEISS, TIBOR|Center|Germany
POIRIER, VINCENT|Center|France
PRESSEY, PHIL|Guard|United States of America
PRINTEZIS, GEORGIOS|Forward|Greece
PUERTO, JOSEP|Forward|Spain
RADICEVIC, NIKOLA|Guard|Serbia
RADONCIC, DINO|Forward|Montenegro
RADOSEVIC, LEON|Center|Germany
RANDLE, CHASSON|Guard|United States of America
RANDOLPH, ANTHONY|Center|United States of America
REYES, FELIPE|Forward|Spain
RIBAS, PAU|Guard|Spain
RIVERS, KC|Forward|United States of America
ROBERTS, BRIAN|Guard|United States of America
ROBINSON, THOMAS|Center|United States of America
ROCHESTIE, TAYLOR|Guard|United States of America
RODRIGUEZ, SERGIO|Guard|Spain
ROLL, MICHAEL|Forward|United States of America
ROSA, IGNACIO|Forward|Spain
RUBIT, AUGUSTINE|Forward|United States of America
RUDD, VICTOR|Forward|United States of America
RUDEZ, DAMJAN|Center|Croatia
SAJUS, MARTYNAS|Center|Lithuania
SALIN, SASU|Guard|Finland
SAN EMETERIO, FERNANDO|Forward|Spain
SANDERS, RAKIM|Forward|United States of America
SASTRE, JOAN|Forward|Spain
SAYBIR, YIGITCAN|Forward|Turkey
SEGEV, ITAY|Forward|Israel
SERAPHIN, KEVIN|Center|France
SHENGELIA, TORNIKE|Center|Georgia
SHERMADINI, GIORGI|Center|Georgia
SHVED, ALEXEY|Guard|Russian Federation
SIMON, KRUNOSLAV|Forward|Croatia
SINGLETON, CHRIS|Center|United States of America
SLOUKAS, KOSTAS|Guard|Greece
SOKOLOV, DMITRY|Center|Russian Federation
SOLUADE, MO|Guard|United Kingdom
SPANOULIS, VASSILIS|Guard|Greece
STAIGER, LUCCA|Guard|Germany
STIMAC, VLADIMIR|Center|Serbia
STRELNIEKS, JANIS|Guard|Latvia
SUAREZ, CARLOS|Forward|Spain
TARCZEWSKI, KALEB|Center|United States of America
TAVARES, WALTER|Center|Cabo Verde
TAYLOR, BRYCE|Guard|United States of America
TAYLOR, JEFFERY|Forward|Sweden
THEODORE, JORDAN|Guard|United States of America
THOMAS, DESHAUN|Forward|United States of America
THOMAS, MALCOLM|Center|United States of America
THOMAS, WILL|Forward|Georgia
THOMPKINS, TREY|Forward|United States of America
THOMPSON, HOLLIS|Forward|United States of America
THOMPSON, JASON|Center|United States of America
TILLIE, KIM|Forward|France
TIMMA, JANIS|Forward|Latvia
TODOROVIC, MARKO|Center|Montenegro
TOLIOPOULOS, VASSILIS|Guard|Greece
TOMIC, ANTE|Center|Croatia
TOUPANE, AXEL|Forward|France
TYUS, ALEX|Center|Israel
UDRIH, BENO|Guard|Slovenia
ULANOVAS, EDGARAS|Forward|Lithuania
VALINSKAS, PAULIUS|Guard|Lithuania
VAN ROSSOM, SAM|Guard|Belgium
VESELY, JAN|Center|Czech Republic
VEZENKOV, SASHA|Forward|Bulgaria
VIALTSEV, EGOR|Forward|Russian Federation
VILDOZA, LUCA|Guard|Italy
VIVES, GUILLEM|Guard|Spain
VOIGTMANN, JOHANNES|Center|Germany
VORONTSEVICH, ANDREY|Forward|Russian Federation
VOUGIOUKAS, IAN|Center|Greece
WACZYNSKI, ADAM|Forward|Poland
WANAMAKER, BRAD|Guard|United States of America
WEEMS, SONNY|Forward|United States of America
WESTERMANN, LEO|Guard|France
WHITE, AARON|Forward|United States of America
WILLIAMS, LATAVIOUS|Center|United States of America
WILTJER, KYLE|Forward|Canada
WRIGHT, DORELL|Forward|United States of America
YAKUSHIN, TIMOFEY|Guard|Russian Federation
YUSTA, SANTI|Forward|Spain
ZAYTSEV, VYACHESLAV|Guard|Russian Federation
ZISIS, NIKOS|Guard|Greece
ZOOSMAN, YOVEL|Guard|Israel
ZUBKOV, ANDREY|Forward|Russian Federation
